<manifest><control namespace="daymandynamics" constructor="SimpleNoteExperience" version="1.0.0" display-name-key="SimpleNoteExperience" description-key="Use this control to enable a simplified user experience for creating notes. This control was primarily built for mobile but can also be used on the web." control-type="standard" preview-image="img/preview.png" api-version="1.2.3"><property name="sampleProperty" display-name-key="Property_Display_Key" description-key="Property_Desc_Key" of-type="SingleLine.Text" usage="bound" required="true" /><resources><code path="bundle.js" order="1" /><css path="css/SimpleNoteExperience.css" order="1" /><resx path="strings/SimpleNoteExperience.1033.resx" version="1.0.0" /></resources><feature-usage><uses-feature name="Device.captureAudio" required="true" /><uses-feature name="Device.captureImage" required="true" /><uses-feature name="Device.captureVideo" required="true" /><uses-feature name="Device.getBarcodeValue" required="true" /><uses-feature name="Device.getCurrentPosition" required="true" /><uses-feature name="Device.pickFile" required="true" /><uses-feature name="Utility" required="true" /><uses-feature name="WebAPI" required="true" /></feature-usage><built-by name="pac" version="1.4.4" /></control></manifest>